6,10,6,SDJM Kaliabor,200600001182019
6,10,6,SDJM Kaliabor,200600001482018
6,10,6,SDJM Kaliabor,209400000202020
6,10,6,SDJM Kaliabor,209400000092020
6,10,6,SDJM Kaliabor,209400004152019
6,10,6,SDJM Kaliabor,209400003562019
6,10,6,SDJM Kaliabor,209400002962019
6,10,6,SDJM Kaliabor,209400001422019
6,10,6,SDJM Kaliabor,209400001142019
6,10,6,SDJM Kaliabor,209400005772018
6,10,6,SDJM Kaliabor,209400005152018
6,10,6,SDJM Kaliabor,209400004992018
6,10,6,SDJM Kaliabor,209400004482018
6,10,6,SDJM Kaliabor,209400004242018
6,10,6,SDJM Kaliabor,209400003282018
6,10,6,SDJM Kaliabor,209400002932018
6,10,6,SDJM Kaliabor,209400002162018
6,10,6,SDJM Kaliabor,209400002042018
6,10,6,SDJM Kaliabor,209400001872018
6,10,6,SDJM Kaliabor,209400000532018
6,10,6,SDJM Kaliabor,209400000502018
6,10,6,SDJM Kaliabor,209400007102017
6,10,6,SDJM Kaliabor,209400006692017
6,10,6,SDJM Kaliabor,209400000442017
6,10,6,SDJM Kaliabor,209400000112017
6,10,6,SDJM Kaliabor,209400005222016
6,10,6,SDJM Kaliabor,209400003912016
6,10,6,SDJM Kaliabor,209400003622016
6,10,6,SDJM Kaliabor,209400006842015
6,10,6,SDJM Kaliabor,209400005502015
6,10,6,SDJM Kaliabor,209400003302014
