6,13,4,CJM Court,200600002862019
6,13,4,CJM Court,200600002792019
6,13,4,CJM Court,200600004842018
6,13,4,CJM Court,202300003062018
6,13,4,CJM Court,202300055132017
6,13,4,CJM Court,202300052782017
6,13,4,CJM Court,202300053512016
6,13,4,CJM Court,202300064532015
6,13,4,CJM Court,202300055672015
6,13,4,CJM Court,202300054872015
6,13,4,CJM Court,202300026542015
6,13,4,CJM Court,202300025952015
6,13,4,CJM Court,202300010322015
6,13,4,CJM Court,202300055592014
6,13,4,CJM Court,202300044662014
6,13,4,CJM Court,202300041692014
6,13,4,CJM Court,202300041672014
6,13,4,CJM Court,202300023962013
6,13,4,CJM Court,202300040912012
6,13,4,CJM Court,210300000292013
6,13,4,CJM Court,210300000282013
6,13,4,CJM Court,210700014972019
6,13,4,CJM Court,210700005012019
6,13,4,CJM Court,210700004832019
6,13,4,CJM Court,210700004792019
6,13,4,CJM Court,210700001262019
6,13,4,CJM Court,210700007002018
6,13,4,CJM Court,210700006222018
6,13,4,CJM Court,210700000492018
6,13,4,CJM Court,210700000032018
